{"auc_toxic":0.9722170896417164,"auc_threat":0.9900900109234378,"f1_micro":0.6697309417040359,"_wandb":{"runtime":19},"train_seconds":11.31486701965332,"_timestamp":1.7562515563705652e+09,"f1_macro":0.5515740353392732,"auc_identity_hate":0.9656100376342984,"_step":1,"auc_insult":0.9769303674736058,"auc_severe_toxic":0.9773328631217553,"auc_obscene":0.9827824456589384,"_runtime":19}