{"auc_toxic":0.9728764916675815,"_timestamp":1.7562517949198349e+09,"auc_obscene":0.9835161100073695,"auc_insult":0.9781822742267872,"_runtime":30,"train_seconds":13.503146409988403,"f1_micro":0.6789084707220011,"_wandb":{"runtime":30},"auc_identity_hate":0.966741042461285,"_step":1,"auc_threat":0.9900091915950464,"f1_macro":0.5620857650804464,"auc_severe_toxic":0.9802420898138688}