{"auc_toxic":0.9728764916675815,"auc_insult":0.9781822742267872,"auc_threat":0.9900091915950464,"_runtime":35,"_step":1,"auc_severe_toxic":0.9802420898138688,"_wandb":{"runtime":35},"f1_macro":0.5620857650804464,"f1_micro":0.6789084707220011,"train_seconds":13.552792072296143,"auc_obscene":0.9835161100073695,"_timestamp":1.756253369777932e+09,"auc_identity_hate":0.966741042461285}